PassengerId,Survived,Pclass,Sex,Age,SibSp,Parch,Fare,Embarked,IsChild,SurvivedText,FamilySize
1,0,3,male,22.0,1,0,7.25,S,Adult,No,2
2,1,1,female,38.0,1,0,71.2833,C,Adult,Yes,2
3,1,3,female,26.0,0,0,7.925,S,Adult,Yes,1
4,1,1,female,35.0,1,0,53.1,S,Adult,Yes,2
5,0,3,male,35.0,0,0,8.05,S,Adult,No,1
6,0,3,male,,0,0,8.4583,Q,Adult,No,1
7,0,1,male,54.0,0,0,51.8625,S,Adult,No,1
8,0,3,male,2.0,3,1,21.075,S,Child,No,5
9,1,3,female,27.0,0,2,11.1333,S,Adult,Yes,3
10,1,2,female,14.0,1,0,30.0708,C,Adult,Yes,2
11,1,3,female,4.0,1,1,16.7,S,Child,Yes,3
12,1,1,female,58.0,0,0,26.55,S,Adult,Yes,1
13,0,3,male,20.0,0,0,8.05,S,Adult,No,1
14,0,3,male,39.0,1,5,31.275,S,Adult,No,7
15,0,3,female,14.0,0,0,7.8542,S,Adult,No,1
16,1,2,female,55.0,0,0,16.0,S,Adult,Yes,1
17,0,3,male,2.0,4,1,29.125,Q,Child,No,6
18,1,2,male,,0,0,13.0,S,Adult,Yes,1
19,0,3,female,31.0,1,0,18.0,S,Adult,No,2
20,1,3,female,,0,0,7.225,C,Adult,Yes,1
21,0,2,male,35.0,0,0,26.0,S,Adult,No,1
22,1,2,male,34.0,0,0,13.0,S,Adult,Yes,1
23,1,3,female,15.0,0,0,8.0292,Q,Adult,Yes,1
24,1,1,male,28.0,0,0,35.5,S,Adult,Yes,1
25,0,3,female,8.0,3,1,21.075,S,Child,No,5
26,1,3,female,38.0,1,5,31.3875,S,Adult,Yes,7
27,0,3,male,,0,0,7.225,C,Adult,No,1
28,0,1,male,19.0,3,2,263.0,S,Adult,No,6
29,1,3,female,,0,0,7.8792,Q,Adult,Yes,1
30,0,3,male,,0,0,7.8958,S,Adult,No,1
31,0,1,male,40.0,0,0,27.7208,C,Adult,No,1
32,1,1,female,,1,0,146.5208,C,Adult,Yes,2
33,1,3,female,,0,0,7.75,Q,Adult,Yes,1
34,0,2,male,66.0,0,0,10.5,S,Adult,No,1
35,0,1,male,28.0,1,0,82.1708,C,Adult,No,2
36,0,1,male,42.0,1,0,52.0,S,Adult,No,2
37,1,3,male,,0,0,7.2292,C,Adult,Yes,1
38,0,3,male,21.0,0,0,8.05,S,Adult,No,1
39,0,3,female,18.0,2,0,18.0,S,Adult,No,3
40,1,3,female,14.0,1,0,11.2417,C,Adult,Yes,2
41,0,3,female,40.0,1,0,9.475,S,Adult,No,2
42,0,2,female,27.0,1,0,21.0,S,Adult,No,2
43,0,3,male,,0,0,7.8958,C,Adult,No,1
44,1,2,female,3.0,1,2,41.5792,C,Child,Yes,4
45,1,3,female,19.0,0,0,7.8792,Q,Adult,Yes,1
46,0,3,male,,0,0,8.05,S,Adult,No,1
47,0,3,male,,1,0,15.5,Q,Adult,No,2
48,1,3,female,,0,0,7.75,Q,Adult,Yes,1
49,0,3,male,,2,0,21.6792,C,Adult,No,3
50,0,3,female,18.0,1,0,17.8,S,Adult,No,2
51,0,3,male,7.0,4,1,39.6875,S,Child,No,6
52,0,3,male,21.0,0,0,7.8,S,Adult,No,1
53,1,1,female,49.0,1,0,76.7292,C,Adult,Yes,2
54,1,2,female,29.0,1,0,26.0,S,Adult,Yes,2
55,0,1,male,65.0,0,1,61.9792,C,Adult,No,2
56,1,1,male,,0,0,35.5,S,Adult,Yes,1
57,1,2,female,21.0,0,0,10.5,S,Adult,Yes,1
58,0,3,male,28.5,0,0,7.2292,C,Adult,No,1
59,1,2,female,5.0,1,2,27.75,S,Child,Yes,4
60,0,3,male,11.0,5,2,46.9,S,Adult,No,8
61,0,3,male,22.0,0,0,7.2292,C,Adult,No,1
62,1,1,female,38.0,0,0,80.0,S,Adult,Yes,1
63,0,1,male,45.0,1,0,83.475,S,Adult,No,2
64,0,3,male,4.0,3,2,27.9,S,Child,No,6
65,0,1,male,,0,0,27.7208,C,Adult,No,1
66,1,3,male,,1,1,15.2458,C,Adult,Yes,3
67,1,2,female,29.0,0,0,10.5,S,Adult,Yes,1
68,0,3,male,19.0,0,0,8.1583,S,Adult,No,1
69,1,3,female,17.0,4,2,7.925,S,Adult,Yes,7
70,0,3,male,26.0,2,0,8.6625,S,Adult,No,3
71,0,2,male,32.0,0,0,10.5,S,Adult,No,1
72,0,3,female,16.0,5,2,46.9,S,Adult,No,8
73,0,2,male,21.0,0,0,73.5,S,Adult,No,1
74,0,3,male,26.0,1,0,14.4542,C,Adult,No,2
75,1,3,male,32.0,0,0,56.4958,S,Adult,Yes,1
76,0,3,male,25.0,0,0,7.65,S,Adult,No,1
77,0,3,male,,0,0,7.8958,S,Adult,No,1
78,0,3,male,,0,0,8.05,S,Adult,No,1
79,1,2,male,0.83,0,2,29.0,S,Child,Yes,3
80,1,3,female,30.0,0,0,12.475,S,Adult,Yes,1
81,0,3,male,22.0,0,0,9.0,S,Adult,No,1
82,1,3,male,29.0,0,0,9.5,S,Adult,Yes,1
83,1,3,female,,0,0,7.7875,Q,Adult,Yes,1
84,0,1,male,28.0,0,0,47.1,S,Adult,No,1
85,1,2,female,17.0,0,0,10.5,S,Adult,Yes,1
86,1,3,female,33.0,3,0,15.85,S,Adult,Yes,4
87,0,3,male,16.0,1,3,34.375,S,Adult,No,5
88,0,3,male,,0,0,8.05,S,Adult,No,1
89,1,1,female,23.0,3,2,263.0,S,Adult,Yes,6
90,0,3,male,24.0,0,0,8.05,S,Adult,No,1
91,0,3,male,29.0,0,0,8.05,S,Adult,No,1
92,0,3,male,20.0,0,0,7.8542,S,Adult,No,1
93,0,1,male,46.0,1,0,61.175,S,Adult,No,2
94,0,3,male,26.0,1,2,20.575,S,Adult,No,4
95,0,3,male,59.0,0,0,7.25,S,Adult,No,1
96,0,3,male,,0,0,8.05,S,Adult,No,1
97,0,1,male,71.0,0,0,34.6542,C,Adult,No,1
98,1,1,male,23.0,0,1,63.3583,C,Adult,Yes,2
99,1,2,female,34.0,0,1,23.0,S,Adult,Yes,2
100,0,2,male,34.0,1,0,26.0,S,Adult,No,2
101,0,3,female,28.0,0,0,7.8958,S,Adult,No,1
102,0,3,male,,0,0,7.8958,S,Adult,No,1
103,0,1,male,21.0,0,1,77.2875,S,Adult,No,2
104,0,3,male,33.0,0,0,8.6542,S,Adult,No,1
105,0,3,male,37.0,2,0,7.925,S,Adult,No,3
106,0,3,male,28.0,0,0,7.8958,S,Adult,No,1
107,1,3,female,21.0,0,0,7.65,S,Adult,Yes,1
108,1,3,male,,0,0,7.775,S,Adult,Yes,1
109,0,3,male,38.0,0,0,7.8958,S,Adult,No,1
110,1,3,female,,1,0,24.15,Q,Adult,Yes,2
111,0,1,male,47.0,0,0,52.0,S,Adult,No,1
112,0,3,female,14.5,1,0,14.4542,C,Adult,No,2
113,0,3,male,22.0,0,0,8.05,S,Adult,No,1
114,0,3,female,20.0,1,0,9.825,S,Adult,No,2
115,0,3,female,17.0,0,0,14.4583,C,Adult,No,1
116,0,3,male,21.0,0,0,7.925,S,Adult,No,1
117,0,3,male,70.5,0,0,7.75,Q,Adult,No,1
118,0,2,male,29.0,1,0,21.0,S,Adult,No,2
119,0,1,male,24.0,0,1,247.5208,C,Adult,No,2
120,0,3,female,2.0,4,2,31.275,S,Child,No,7
121,0,2,male,21.0,2,0,73.5,S,Adult,No,3
122,0,3,male,,0,0,8.05,S,Adult,No,1
123,0,2,male,32.5,1,0,30.0708,C,Adult,No,2
124,1,2,female,32.5,0,0,13.0,S,Adult,Yes,1
125,0,1,male,54.0,0,1,77.2875,S,Adult,No,2
126,1,3,male,12.0,1,0,11.2417,C,Adult,Yes,2
127,0,3,male,,0,0,7.75,Q,Adult,No,1
128,1,3,male,24.0,0,0,7.1417,S,Adult,Yes,1
129,1,3,female,,1,1,22.3583,C,Adult,Yes,3
130,0,3,male,45.0,0,0,6.975,S,Adult,No,1
131,0,3,male,33.0,0,0,7.8958,C,Adult,No,1
132,0,3,male,20.0,0,0,7.05,S,Adult,No,1
133,0,3,female,47.0,1,0,14.5,S,Adult,No,2
134,1,2,female,29.0,1,0,26.0,S,Adult,Yes,2
135,0,2,male,25.0,0,0,13.0,S,Adult,No,1
136,0,2,male,23.0,0,0,15.0458,C,Adult,No,1
137,1,1,female,19.0,0,2,26.2833,S,Adult,Yes,3
138,0,1,male,37.0,1,0,53.1,S,Adult,No,2
139,0,3,male,16.0,0,0,9.2167,S,Adult,No,1
140,0,1,male,24.0,0,0,79.2,C,Adult,No,1
141,0,3,female,,0,2,15.2458,C,Adult,No,3
142,1,3,female,22.0,0,0,7.75,S,Adult,Yes,1
143,1,3,female,24.0,1,0,15.85,S,Adult,Yes,2
144,0,3,male,19.0,0,0,6.75,Q,Adult,No,1
145,0,2,male,18.0,0,0,11.5,S,Adult,No,1
146,0,2,male,19.0,1,1,36.75,S,Adult,No,3
147,1,3,male,27.0,0,0,7.7958,S,Adult,Yes,1
148,0,3,female,9.0,2,2,34.375,S,Child,No,5
149,0,2,male,36.5,0,2,26.0,S,Adult,No,3
150,0,2,male,42.0,0,0,13.0,S,Adult,No,1
151,0,2,male,51.0,0,0,12.525,S,Adult,No,1
152,1,1,female,22.0,1,0,66.6,S,Adult,Yes,2
153,0,3,male,55.5,0,0,8.05,S,Adult,No,1
154,0,3,male,40.5,0,2,14.5,S,Adult,No,3
155,0,3,male,,0,0,7.3125,S,Adult,No,1
156,0,1,male,51.0,0,1,61.3792,C,Adult,No,2
157,1,3,female,16.0,0,0,7.7333,Q,Adult,Yes,1
158,0,3,male,30.0,0,0,8.05,S,Adult,No,1
159,0,3,male,,0,0,8.6625,S,Adult,No,1
160,0,3,male,,8,2,69.55,S,Adult,No,11
161,0,3,male,44.0,0,1,16.1,S,Adult,No,2
162,1,2,female,40.0,0,0,15.75,S,Adult,Yes,1
163,0,3,male,26.0,0,0,7.775,S,Adult,No,1
164,0,3,male,17.0,0,0,8.6625,S,Adult,No,1
165,0,3,male,1.0,4,1,39.6875,S,Child,No,6
166,1,3,male,9.0,0,2,20.525,S,Child,Yes,3
167,1,1,female,,0,1,55.0,S,Adult,Yes,2
168,0,3,female,45.0,1,4,27.9,S,Adult,No,6
169,0,1,male,,0,0,25.925,S,Adult,No,1
170,0,3,male,28.0,0,0,56.4958,S,Adult,No,1
171,0,1,male,61.0,0,0,33.5,S,Adult,No,1
172,0,3,male,4.0,4,1,29.125,Q,Child,No,6
173,1,3,female,1.0,1,1,11.1333,S,Child,Yes,3
174,0,3,male,21.0,0,0,7.925,S,Adult,No,1
175,0,1,male,56.0,0,0,30.6958,C,Adult,No,1
176,0,3,male,18.0,1,1,7.8542,S,Adult,No,3
177,0,3,male,,3,1,25.4667,S,Adult,No,5
178,0,1,female,50.0,0,0,28.7125,C,Adult,No,1
179,0,2,male,30.0,0,0,13.0,S,Adult,No,1
180,0,3,male,36.0,0,0,0.0,S,Adult,No,1
181,0,3,female,,8,2,69.55,S,Adult,No,11
182,0,2,male,,0,0,15.05,C,Adult,No,1
183,0,3,male,9.0,4,2,31.3875,S,Child,No,7
184,1,2,male,1.0,2,1,39.0,S,Child,Yes,4
185,1,3,female,4.0,0,2,22.025,S,Child,Yes,3
186,0,1,male,,0,0,50.0,S,Adult,No,1
187,1,3,female,,1,0,15.5,Q,Adult,Yes,2
188,1,1,male,45.0,0,0,26.55,S,Adult,Yes,1
189,0,3,male,40.0,1,1,15.5,Q,Adult,No,3
190,0,3,male,36.0,0,0,7.8958,S,Adult,No,1
191,1,2,female,32.0,0,0,13.0,S,Adult,Yes,1
192,0,2,male,19.0,0,0,13.0,S,Adult,No,1
193,1,3,female,19.0,1,0,7.8542,S,Adult,Yes,2
194,1,2,male,3.0,1,1,26.0,S,Child,Yes,3
195,1,1,female,44.0,0,0,27.7208,C,Adult,Yes,1
196,1,1,female,58.0,0,0,146.5208,C,Adult,Yes,1
197,0,3,male,,0,0,7.75,Q,Adult,No,1
198,0,3,male,42.0,0,1,8.4042,S,Adult,No,2
199,1,3,female,,0,0,7.75,Q,Adult,Yes,1
200,0,2,female,24.0,0,0,13.0,S,Adult,No,1
201,0,3,male,28.0,0,0,9.5,S,Adult,No,1
202,0,3,male,,8,2,69.55,S,Adult,No,11
203,0,3,male,34.0,0,0,6.4958,S,Adult,No,1
204,0,3,male,45.5,0,0,7.225,C,Adult,No,1
205,1,3,male,18.0,0,0,8.05,S,Adult,Yes,1
206,0,3,female,2.0,0,1,10.4625,S,Child,No,2
207,0,3,male,32.0,1,0,15.85,S,Adult,No,2
208,1,3,male,26.0,0,0,18.7875,C,Adult,Yes,1
209,1,3,female,16.0,0,0,7.75,Q,Adult,Yes,1
210,1,1,male,40.0,0,0,31.0,C,Adult,Yes,1
211,0,3,male,24.0,0,0,7.05,S,Adult,No,1
212,1,2,female,35.0,0,0,21.0,S,Adult,Yes,1
213,0,3,male,22.0,0,0,7.25,S,Adult,No,1
214,0,2,male,30.0,0,0,13.0,S,Adult,No,1
215,0,3,male,,1,0,7.75,Q,Adult,No,2
216,1,1,female,31.0,1,0,113.275,C,Adult,Yes,2
217,1,3,female,27.0,0,0,7.925,S,Adult,Yes,1
218,0,2,male,42.0,1,0,27.0,S,Adult,No,2
219,1,1,female,32.0,0,0,76.2917,C,Adult,Yes,1
220,0,2,male,30.0,0,0,10.5,S,Adult,No,1
221,1,3,male,16.0,0,0,8.05,S,Adult,Yes,1
222,0,2,male,27.0,0,0,13.0,S,Adult,No,1
223,0,3,male,51.0,0,0,8.05,S,Adult,No,1
224,0,3,male,,0,0,7.8958,S,Adult,No,1
225,1,1,male,38.0,1,0,90.0,S,Adult,Yes,2
226,0,3,male,22.0,0,0,9.35,S,Adult,No,1
227,1,2,male,19.0,0,0,10.5,S,Adult,Yes,1
228,0,3,male,20.5,0,0,7.25,S,Adult,No,1
229,0,2,male,18.0,0,0,13.0,S,Adult,No,1
230,0,3,female,,3,1,25.4667,S,Adult,No,5
231,1,1,female,35.0,1,0,83.475,S,Adult,Yes,2
232,0,3,male,29.0,0,0,7.775,S,Adult,No,1
233,0,2,male,59.0,0,0,13.5,S,Adult,No,1
234,1,3,female,5.0,4,2,31.3875,S,Child,Yes,7
235,0,2,male,24.0,0,0,10.5,S,Adult,No,1
236,0,3,female,,0,0,7.55,S,Adult,No,1
237,0,2,male,44.0,1,0,26.0,S,Adult,No,2
238,1,2,female,8.0,0,2,26.25,S,Child,Yes,3
239,0,2,male,19.0,0,0,10.5,S,Adult,No,1
240,0,2,male,33.0,0,0,12.275,S,Adult,No,1
241,0,3,female,,1,0,14.4542,C,Adult,No,2
242,1,3,female,,1,0,15.5,Q,Adult,Yes,2
243,0,2,male,29.0,0,0,10.5,S,Adult,No,1
244,0,3,male,22.0,0,0,7.125,S,Adult,No,1
245,0,3,male,30.0,0,0,7.225,C,Adult,No,1
246,0,1,male,44.0,2,0,90.0,Q,Adult,No,3
247,0,3,female,25.0,0,0,7.775,S,Adult,No,1
248,1,2,female,24.0,0,2,14.5,S,Adult,Yes,3
249,1,1,male,37.0,1,1,52.5542,S,Adult,Yes,3
250,0,2,male,54.0,1,0,26.0,S,Adult,No,2
251,0,3,male,,0,0,7.25,S,Adult,No,1
252,0,3,female,29.0,1,1,10.4625,S,Adult,No,3
253,0,1,male,62.0,0,0,26.55,S,Adult,No,1
254,0,3,male,30.0,1,0,16.1,S,Adult,No,2
255,0,3,female,41.0,0,2,20.2125,S,Adult,No,3
256,1,3,female,29.0,0,2,15.2458,C,Adult,Yes,3
257,1,1,female,,0,0,79.2,C,Adult,Yes,1
258,1,1,female,30.0,0,0,86.5,S,Adult,Yes,1
259,1,1,female,35.0,0,0,512.3292,C,Adult,Yes,1
260,1,2,female,50.0,0,1,26.0,S,Adult,Yes,2
261,0,3,male,,0,0,7.75,Q,Adult,No,1
262,1,3,male,3.0,4,2,31.3875,S,Child,Yes,7
263,0,1,male,52.0,1,1,79.65,S,Adult,No,3
264,0,1,male,40.0,0,0,0.0,S,Adult,No,1
265,0,3,female,,0,0,7.75,Q,Adult,No,1
266,0,2,male,36.0,0,0,10.5,S,Adult,No,1
267,0,3,male,16.0,4,1,39.6875,S,Adult,No,6
268,1,3,male,25.0,1,0,7.775,S,Adult,Yes,2
269,1,1,female,58.0,0,1,153.4625,S,Adult,Yes,2
270,1,1,female,35.0,0,0,135.6333,S,Adult,Yes,1
271,0,1,male,,0,0,31.0,S,Adult,No,1
272,1,3,male,25.0,0,0,0.0,S,Adult,Yes,1
273,1,2,female,41.0,0,1,19.5,S,Adult,Yes,2
274,0,1,male,37.0,0,1,29.7,C,Adult,No,2
275,1,3,female,,0,0,7.75,Q,Adult,Yes,1
276,1,1,female,63.0,1,0,77.9583,S,Adult,Yes,2
277,0,3,female,45.0,0,0,7.75,S,Adult,No,1
278,0,2,male,,0,0,0.0,S,Adult,No,1
279,0,3,male,7.0,4,1,29.125,Q,Child,No,6
280,1,3,female,35.0,1,1,20.25,S,Adult,Yes,3
281,0,3,male,65.0,0,0,7.75,Q,Adult,No,1
282,0,3,male,28.0,0,0,7.8542,S,Adult,No,1
283,0,3,male,16.0,0,0,9.5,S,Adult,No,1
284,1,3,male,19.0,0,0,8.05,S,Adult,Yes,1
285,0,1,male,,0,0,26.0,S,Adult,No,1
286,0,3,male,33.0,0,0,8.6625,C,Adult,No,1
287,1,3,male,30.0,0,0,9.5,S,Adult,Yes,1
288,0,3,male,22.0,0,0,7.8958,S,Adult,No,1
289,1,2,male,42.0,0,0,13.0,S,Adult,Yes,1
290,1,3,female,22.0,0,0,7.75,Q,Adult,Yes,1
291,1,1,female,26.0,0,0,78.85,S,Adult,Yes,1
292,1,1,female,19.0,1,0,91.0792,C,Adult,Yes,2
293,0,2,male,36.0,0,0,12.875,C,Adult,No,1
294,0,3,female,24.0,0,0,8.85,S,Adult,No,1
295,0,3,male,24.0,0,0,7.8958,S,Adult,No,1
296,0,1,male,,0,0,27.7208,C,Adult,No,1
297,0,3,male,23.5,0,0,7.2292,C,Adult,No,1
298,0,1,female,2.0,1,2,151.55,S,Child,No,4
299,1,1,male,,0,0,30.5,S,Adult,Yes,1
300,1,1,female,50.0,0,1,247.5208,C,Adult,Yes,2
301,1,3,female,,0,0,7.75,Q,Adult,Yes,1
302,1,3,male,,2,0,23.25,Q,Adult,Yes,3
303,0,3,male,19.0,0,0,0.0,S,Adult,No,1
304,1,2,female,,0,0,12.35,Q,Adult,Yes,1
305,0,3,male,,0,0,8.05,S,Adult,No,1
306,1,1,male,0.92,1,2,151.55,S,Child,Yes,4
307,1,1,female,,0,0,110.8833,C,Adult,Yes,1
308,1,1,female,17.0,1,0,108.9,C,Adult,Yes,2
309,0,2,male,30.0,1,0,24.0,C,Adult,No,2
310,1,1,female,30.0,0,0,56.9292,C,Adult,Yes,1
311,1,1,female,24.0,0,0,83.1583,C,Adult,Yes,1
312,1,1,female,18.0,2,2,262.375,C,Adult,Yes,5
313,0,2,female,26.0,1,1,26.0,S,Adult,No,3
314,0,3,male,28.0,0,0,7.8958,S,Adult,No,1
315,0,2,male,43.0,1,1,26.25,S,Adult,No,3
316,1,3,female,26.0,0,0,7.8542,S,Adult,Yes,1
317,1,2,female,24.0,1,0,26.0,S,Adult,Yes,2
318,0,2,male,54.0,0,0,14.0,S,Adult,No,1
319,1,1,female,31.0,0,2,164.8667,S,Adult,Yes,3
320,1,1,female,40.0,1,1,134.5,C,Adult,Yes,3
321,0,3,male,22.0,0,0,7.25,S,Adult,No,1
322,0,3,male,27.0,0,0,7.8958,S,Adult,No,1
323,1,2,female,30.0,0,0,12.35,Q,Adult,Yes,1
324,1,2,female,22.0,1,1,29.0,S,Adult,Yes,3
325,0,3,male,,8,2,69.55,S,Adult,No,11
326,1,1,female,36.0,0,0,135.6333,C,Adult,Yes,1
327,0,3,male,61.0,0,0,6.2375,S,Adult,No,1
328,1,2,female,36.0,0,0,13.0,S,Adult,Yes,1
329,1,3,female,31.0,1,1,20.525,S,Adult,Yes,3
330,1,1,female,16.0,0,1,57.9792,C,Adult,Yes,2
331,1,3,female,,2,0,23.25,Q,Adult,Yes,3
332,0,1,male,45.5,0,0,28.5,S,Adult,No,1
333,0,1,male,38.0,0,1,153.4625,S,Adult,No,2
334,0,3,male,16.0,2,0,18.0,S,Adult,No,3
335,1,1,female,,1,0,133.65,S,Adult,Yes,2
336,0,3,male,,0,0,7.8958,S,Adult,No,1
337,0,1,male,29.0,1,0,66.6,S,Adult,No,2
338,1,1,female,41.0,0,0,134.5,C,Adult,Yes,1
339,1,3,male,45.0,0,0,8.05,S,Adult,Yes,1
340,0,1,male,45.0,0,0,35.5,S,Adult,No,1
341,1,2,male,2.0,1,1,26.0,S,Child,Yes,3
342,1,1,female,24.0,3,2,263.0,S,Adult,Yes,6
343,0,2,male,28.0,0,0,13.0,S,Adult,No,1
344,0,2,male,25.0,0,0,13.0,S,Adult,No,1
345,0,2,male,36.0,0,0,13.0,S,Adult,No,1
346,1,2,female,24.0,0,0,13.0,S,Adult,Yes,1
347,1,2,female,40.0,0,0,13.0,S,Adult,Yes,1
348,1,3,female,,1,0,16.1,S,Adult,Yes,2
349,1,3,male,3.0,1,1,15.9,S,Child,Yes,3
350,0,3,male,42.0,0,0,8.6625,S,Adult,No,1
351,0,3,male,23.0,0,0,9.225,S,Adult,No,1
352,0,1,male,,0,0,35.0,S,Adult,No,1
353,0,3,male,15.0,1,1,7.2292,C,Adult,No,3
354,0,3,male,25.0,1,0,17.8,S,Adult,No,2
355,0,3,male,,0,0,7.225,C,Adult,No,1
356,0,3,male,28.0,0,0,9.5,S,Adult,No,1
357,1,1,female,22.0,0,1,55.0,S,Adult,Yes,2
358,0,2,female,38.0,0,0,13.0,S,Adult,No,1
359,1,3,female,,0,0,7.8792,Q,Adult,Yes,1
360,1,3,female,,0,0,7.8792,Q,Adult,Yes,1
361,0,3,male,40.0,1,4,27.9,S,Adult,No,6
362,0,2,male,29.0,1,0,27.7208,C,Adult,No,2
363,0,3,female,45.0,0,1,14.4542,C,Adult,No,2
364,0,3,male,35.0,0,0,7.05,S,Adult,No,1
365,0,3,male,,1,0,15.5,Q,Adult,No,2
366,0,3,male,30.0,0,0,7.25,S,Adult,No,1
367,1,1,female,60.0,1,0,75.25,C,Adult,Yes,2
368,1,3,female,,0,0,7.2292,C,Adult,Yes,1
369,1,3,female,,0,0,7.75,Q,Adult,Yes,1
370,1,1,female,24.0,0,0,69.3,C,Adult,Yes,1
371,1,1,male,25.0,1,0,55.4417,C,Adult,Yes,2
372,0,3,male,18.0,1,0,6.4958,S,Adult,No,2
373,0,3,male,19.0,0,0,8.05,S,Adult,No,1
374,0,1,male,22.0,0,0,135.6333,C,Adult,No,1
375,0,3,female,3.0,3,1,21.075,S,Child,No,5
376,1,1,female,,1,0,82.1708,C,Adult,Yes,2
377,1,3,female,22.0,0,0,7.25,S,Adult,Yes,1
378,0,1,male,27.0,0,2,211.5,C,Adult,No,3
379,0,3,male,20.0,0,0,4.0125,C,Adult,No,1
380,0,3,male,19.0,0,0,7.775,S,Adult,No,1
381,1,1,female,42.0,0,0,227.525,C,Adult,Yes,1
382,1,3,female,1.0,0,2,15.7417,C,Child,Yes,3
383,0,3,male,32.0,0,0,7.925,S,Adult,No,1
384,1,1,female,35.0,1,0,52.0,S,Adult,Yes,2
385,0,3,male,,0,0,7.8958,S,Adult,No,1
386,0,2,male,18.0,0,0,73.5,S,Adult,No,1
387,0,3,male,1.0,5,2,46.9,S,Child,No,8
388,1,2,female,36.0,0,0,13.0,S,Adult,Yes,1
389,0,3,male,,0,0,7.7292,Q,Adult,No,1
390,1,2,female,17.0,0,0,12.0,C,Adult,Yes,1
391,1,1,male,36.0,1,2,120.0,S,Adult,Yes,4
392,1,3,male,21.0,0,0,7.7958,S,Adult,Yes,1
393,0,3,male,28.0,2,0,7.925,S,Adult,No,3
394,1,1,female,23.0,1,0,113.275,C,Adult,Yes,2
395,1,3,female,24.0,0,2,16.7,S,Adult,Yes,3
396,0,3,male,22.0,0,0,7.7958,S,Adult,No,1
397,0,3,female,31.0,0,0,7.8542,S,Adult,No,1
398,0,2,male,46.0,0,0,26.0,S,Adult,No,1
399,0,2,male,23.0,0,0,10.5,S,Adult,No,1
400,1,2,female,28.0,0,0,12.65,S,Adult,Yes,1
401,1,3,male,39.0,0,0,7.925,S,Adult,Yes,1
402,0,3,male,26.0,0,0,8.05,S,Adult,No,1
403,0,3,female,21.0,1,0,9.825,S,Adult,No,2
404,0,3,male,28.0,1,0,15.85,S,Adult,No,2
405,0,3,female,20.0,0,0,8.6625,S,Adult,No,1
406,0,2,male,34.0,1,0,21.0,S,Adult,No,2
407,0,3,male,51.0,0,0,7.75,S,Adult,No,1
408,1,2,male,3.0,1,1,18.75,S,Child,Yes,3
409,0,3,male,21.0,0,0,7.775,S,Adult,No,1
410,0,3,female,,3,1,25.4667,S,Adult,No,5
411,0,3,male,,0,0,7.8958,S,Adult,No,1
412,0,3,male,,0,0,6.8583,Q,Adult,No,1
413,1,1,female,33.0,1,0,90.0,Q,Adult,Yes,2
414,0,2,male,,0,0,0.0,S,Adult,No,1
415,1,3,male,44.0,0,0,7.925,S,Adult,Yes,1
416,0,3,female,,0,0,8.05,S,Adult,No,1
417,1,2,female,34.0,1,1,32.5,S,Adult,Yes,3
418,1,2,female,18.0,0,2,13.0,S,Adult,Yes,3
419,0,2,male,30.0,0,0,13.0,S,Adult,No,1
420,0,3,female,10.0,0,2,24.15,S,Adult,No,3
421,0,3,male,,0,0,7.8958,C,Adult,No,1
422,0,3,male,21.0,0,0,7.7333,Q,Adult,No,1
423,0,3,male,29.0,0,0,7.875,S,Adult,No,1
424,0,3,female,28.0,1,1,14.4,S,Adult,No,3
425,0,3,male,18.0,1,1,20.2125,S,Adult,No,3
426,0,3,male,,0,0,7.25,S,Adult,No,1
427,1,2,female,28.0,1,0,26.0,S,Adult,Yes,2
428,1,2,female,19.0,0,0,26.0,S,Adult,Yes,1
429,0,3,male,,0,0,7.75,Q,Adult,No,1
430,1,3,male,32.0,0,0,8.05,S,Adult,Yes,1
431,1,1,male,28.0,0,0,26.55,S,Adult,Yes,1
432,1,3,female,,1,0,16.1,S,Adult,Yes,2
433,1,2,female,42.0,1,0,26.0,S,Adult,Yes,2
434,0,3,male,17.0,0,0,7.125,S,Adult,No,1
435,0,1,male,50.0,1,0,55.9,S,Adult,No,2
436,1,1,female,14.0,1,2,120.0,S,Adult,Yes,4
437,0,3,female,21.0,2,2,34.375,S,Adult,No,5
438,1,2,female,24.0,2,3,18.75,S,Adult,Yes,6
439,0,1,male,64.0,1,4,263.0,S,Adult,No,6
440,0,2,male,31.0,0,0,10.5,S,Adult,No,1
441,1,2,female,45.0,1,1,26.25,S,Adult,Yes,3
442,0,3,male,20.0,0,0,9.5,S,Adult,No,1
443,0,3,male,25.0,1,0,7.775,S,Adult,No,2
444,1,2,female,28.0,0,0,13.0,S,Adult,Yes,1
445,1,3,male,,0,0,8.1125,S,Adult,Yes,1
446,1,1,male,4.0,0,2,81.8583,S,Child,Yes,3
447,1,2,female,13.0,0,1,19.5,S,Adult,Yes,2
448,1,1,male,34.0,0,0,26.55,S,Adult,Yes,1
449,1,3,female,5.0,2,1,19.2583,C,Child,Yes,4
450,1,1,male,52.0,0,0,30.5,S,Adult,Yes,1
451,0,2,male,36.0,1,2,27.75,S,Adult,No,4
452,0,3,male,,1,0,19.9667,S,Adult,No,2
453,0,1,male,30.0,0,0,27.75,C,Adult,No,1
454,1,1,male,49.0,1,0,89.1042,C,Adult,Yes,2
455,0,3,male,,0,0,8.05,S,Adult,No,1
456,1,3,male,29.0,0,0,7.8958,C,Adult,Yes,1
457,0,1,male,65.0,0,0,26.55,S,Adult,No,1
458,1,1,female,,1,0,51.8625,S,Adult,Yes,2
459,1,2,female,50.0,0,0,10.5,S,Adult,Yes,1
460,0,3,male,,0,0,7.75,Q,Adult,No,1
461,1,1,male,48.0,0,0,26.55,S,Adult,Yes,1
462,0,3,male,34.0,0,0,8.05,S,Adult,No,1
463,0,1,male,47.0,0,0,38.5,S,Adult,No,1
464,0,2,male,48.0,0,0,13.0,S,Adult,No,1
465,0,3,male,,0,0,8.05,S,Adult,No,1
466,0,3,male,38.0,0,0,7.05,S,Adult,No,1
467,0,2,male,,0,0,0.0,S,Adult,No,1
468,0,1,male,56.0,0,0,26.55,S,Adult,No,1
469,0,3,male,,0,0,7.725,Q,Adult,No,1
470,1,3,female,0.75,2,1,19.2583,C,Child,Yes,4
471,0,3,male,,0,0,7.25,S,Adult,No,1
472,0,3,male,38.0,0,0,8.6625,S,Adult,No,1
473,1,2,female,33.0,1,2,27.75,S,Adult,Yes,4
474,1,2,female,23.0,0,0,13.7917,C,Adult,Yes,1
475,0,3,female,22.0,0,0,9.8375,S,Adult,No,1
476,0,1,male,,0,0,52.0,S,Adult,No,1
477,0,2,male,34.0,1,0,21.0,S,Adult,No,2
478,0,3,male,29.0,1,0,7.0458,S,Adult,No,2
479,0,3,male,22.0,0,0,7.5208,S,Adult,No,1
480,1,3,female,2.0,0,1,12.2875,S,Child,Yes,2
481,0,3,male,9.0,5,2,46.9,S,Child,No,8
482,0,2,male,,0,0,0.0,S,Adult,No,1
483,0,3,male,50.0,0,0,8.05,S,Adult,No,1
484,1,3,female,63.0,0,0,9.5875,S,Adult,Yes,1
485,1,1,male,25.0,1,0,91.0792,C,Adult,Yes,2
486,0,3,female,,3,1,25.4667,S,Adult,No,5
487,1,1,female,35.0,1,0,90.0,S,Adult,Yes,2
488,0,1,male,58.0,0,0,29.7,C,Adult,No,1
489,0,3,male,30.0,0,0,8.05,S,Adult,No,1
490,1,3,male,9.0,1,1,15.9,S,Child,Yes,3
491,0,3,male,,1,0,19.9667,S,Adult,No,2
492,0,3,male,21.0,0,0,7.25,S,Adult,No,1
493,0,1,male,55.0,0,0,30.5,S,Adult,No,1
494,0,1,male,71.0,0,0,49.5042,C,Adult,No,1
495,0,3,male,21.0,0,0,8.05,S,Adult,No,1
496,0,3,male,,0,0,14.4583,C,Adult,No,1
497,1,1,female,54.0,1,0,78.2667,C,Adult,Yes,2
498,0,3,male,,0,0,15.1,S,Adult,No,1
499,0,1,female,25.0,1,2,151.55,S,Adult,No,4
500,0,3,male,24.0,0,0,7.7958,S,Adult,No,1
501,0,3,male,17.0,0,0,8.6625,S,Adult,No,1
502,0,3,female,21.0,0,0,7.75,Q,Adult,No,1
503,0,3,female,,0,0,7.6292,Q,Adult,No,1
504,0,3,female,37.0,0,0,9.5875,S,Adult,No,1
505,1,1,female,16.0,0,0,86.5,S,Adult,Yes,1
506,0,1,male,18.0,1,0,108.9,C,Adult,No,2
507,1,2,female,33.0,0,2,26.0,S,Adult,Yes,3
508,1,1,male,,0,0,26.55,S,Adult,Yes,1
509,0,3,male,28.0,0,0,22.525,S,Adult,No,1
510,1,3,male,26.0,0,0,56.4958,S,Adult,Yes,1
511,1,3,male,29.0,0,0,7.75,Q,Adult,Yes,1
512,0,3,male,,0,0,8.05,S,Adult,No,1
513,1,1,male,36.0,0,0,26.2875,S,Adult,Yes,1
514,1,1,female,54.0,1,0,59.4,C,Adult,Yes,2
515,0,3,male,24.0,0,0,7.4958,S,Adult,No,1
516,0,1,male,47.0,0,0,34.0208,S,Adult,No,1
517,1,2,female,34.0,0,0,10.5,S,Adult,Yes,1
518,0,3,male,,0,0,24.15,Q,Adult,No,1
519,1,2,female,36.0,1,0,26.0,S,Adult,Yes,2
520,0,3,male,32.0,0,0,7.8958,S,Adult,No,1
521,1,1,female,30.0,0,0,93.5,S,Adult,Yes,1
522,0,3,male,22.0,0,0,7.8958,S,Adult,No,1
523,0,3,male,,0,0,7.225,C,Adult,No,1
524,1,1,female,44.0,0,1,57.9792,C,Adult,Yes,2
525,0,3,male,,0,0,7.2292,C,Adult,No,1
526,0,3,male,40.5,0,0,7.75,Q,Adult,No,1
527,1,2,female,50.0,0,0,10.5,S,Adult,Yes,1
528,0,1,male,,0,0,221.7792,S,Adult,No,1
529,0,3,male,39.0,0,0,7.925,S,Adult,No,1
530,0,2,male,23.0,2,1,11.5,S,Adult,No,4
531,1,2,female,2.0,1,1,26.0,S,Child,Yes,3
532,0,3,male,,0,0,7.2292,C,Adult,No,1
533,0,3,male,17.0,1,1,7.2292,C,Adult,No,3
534,1,3,female,,0,2,22.3583,C,Adult,Yes,3
535,0,3,female,30.0,0,0,8.6625,S,Adult,No,1
536,1,2,female,7.0,0,2,26.25,S,Child,Yes,3
537,0,1,male,45.0,0,0,26.55,S,Adult,No,1
538,1,1,female,30.0,0,0,106.425,C,Adult,Yes,1
539,0,3,male,,0,0,14.5,S,Adult,No,1
540,1,1,female,22.0,0,2,49.5,C,Adult,Yes,3
541,1,1,female,36.0,0,2,71.0,S,Adult,Yes,3
542,0,3,female,9.0,4,2,31.275,S,Child,No,7
543,0,3,female,11.0,4,2,31.275,S,Adult,No,7
544,1,2,male,32.0,1,0,26.0,S,Adult,Yes,2
545,0,1,male,50.0,1,0,106.425,C,Adult,No,2
546,0,1,male,64.0,0,0,26.0,S,Adult,No,1
547,1,2,female,19.0,1,0,26.0,S,Adult,Yes,2
548,1,2,male,,0,0,13.8625,C,Adult,Yes,1
549,0,3,male,33.0,1,1,20.525,S,Adult,No,3
550,1,2,male,8.0,1,1,36.75,S,Child,Yes,3
551,1,1,male,17.0,0,2,110.8833,C,Adult,Yes,3
552,0,2,male,27.0,0,0,26.0,S,Adult,No,1
553,0,3,male,,0,0,7.8292,Q,Adult,No,1
554,1,3,male,22.0,0,0,7.225,C,Adult,Yes,1
555,1,3,female,22.0,0,0,7.775,S,Adult,Yes,1
556,0,1,male,62.0,0,0,26.55,S,Adult,No,1
557,1,1,female,48.0,1,0,39.6,C,Adult,Yes,2
558,0,1,male,,0,0,227.525,C,Adult,No,1
559,1,1,female,39.0,1,1,79.65,S,Adult,Yes,3
560,1,3,female,36.0,1,0,17.4,S,Adult,Yes,2
561,0,3,male,,0,0,7.75,Q,Adult,No,1
562,0,3,male,40.0,0,0,7.8958,S,Adult,No,1
563,0,2,male,28.0,0,0,13.5,S,Adult,No,1
564,0,3,male,,0,0,8.05,S,Adult,No,1
565,0,3,female,,0,0,8.05,S,Adult,No,1
566,0,3,male,24.0,2,0,24.15,S,Adult,No,3
567,0,3,male,19.0,0,0,7.8958,S,Adult,No,1
568,0,3,female,29.0,0,4,21.075,S,Adult,No,5
569,0,3,male,,0,0,7.2292,C,Adult,No,1
570,1,3,male,32.0,0,0,7.8542,S,Adult,Yes,1
571,1,2,male,62.0,0,0,10.5,S,Adult,Yes,1
572,1,1,female,53.0,2,0,51.4792,S,Adult,Yes,3
573,1,1,male,36.0,0,0,26.3875,S,Adult,Yes,1
574,1,3,female,,0,0,7.75,Q,Adult,Yes,1
575,0,3,male,16.0,0,0,8.05,S,Adult,No,1
576,0,3,male,19.0,0,0,14.5,S,Adult,No,1
577,1,2,female,34.0,0,0,13.0,S,Adult,Yes,1
578,1,1,female,39.0,1,0,55.9,S,Adult,Yes,2
579,0,3,female,,1,0,14.4583,C,Adult,No,2
580,1,3,male,32.0,0,0,7.925,S,Adult,Yes,1
581,1,2,female,25.0,1,1,30.0,S,Adult,Yes,3
582,1,1,female,39.0,1,1,110.8833,C,Adult,Yes,3
583,0,2,male,54.0,0,0,26.0,S,Adult,No,1
584,0,1,male,36.0,0,0,40.125,C,Adult,No,1
585,0,3,male,,0,0,8.7125,C,Adult,No,1
586,1,1,female,18.0,0,2,79.65,S,Adult,Yes,3
587,0,2,male,47.0,0,0,15.0,S,Adult,No,1
588,1,1,male,60.0,1,1,79.2,C,Adult,Yes,3
589,0,3,male,22.0,0,0,8.05,S,Adult,No,1
590,0,3,male,,0,0,8.05,S,Adult,No,1
591,0,3,male,35.0,0,0,7.125,S,Adult,No,1
592,1,1,female,52.0,1,0,78.2667,C,Adult,Yes,2
593,0,3,male,47.0,0,0,7.25,S,Adult,No,1
594,0,3,female,,0,2,7.75,Q,Adult,No,3
595,0,2,male,37.0,1,0,26.0,S,Adult,No,2
596,0,3,male,36.0,1,1,24.15,S,Adult,No,3
597,1,2,female,,0,0,33.0,S,Adult,Yes,1
598,0,3,male,49.0,0,0,0.0,S,Adult,No,1
599,0,3,male,,0,0,7.225,C,Adult,No,1
600,1,1,male,49.0,1,0,56.9292,C,Adult,Yes,2
601,1,2,female,24.0,2,1,27.0,S,Adult,Yes,4
602,0,3,male,,0,0,7.8958,S,Adult,No,1
603,0,1,male,,0,0,42.4,S,Adult,No,1
604,0,3,male,44.0,0,0,8.05,S,Adult,No,1
605,1,1,male,35.0,0,0,26.55,C,Adult,Yes,1
606,0,3,male,36.0,1,0,15.55,S,Adult,No,2
607,0,3,male,30.0,0,0,7.8958,S,Adult,No,1
608,1,1,male,27.0,0,0,30.5,S,Adult,Yes,1
609,1,2,female,22.0,1,2,41.5792,C,Adult,Yes,4
610,1,1,female,40.0,0,0,153.4625,S,Adult,Yes,1
611,0,3,female,39.0,1,5,31.275,S,Adult,No,7
612,0,3,male,,0,0,7.05,S,Adult,No,1
613,1,3,female,,1,0,15.5,Q,Adult,Yes,2
614,0,3,male,,0,0,7.75,Q,Adult,No,1
615,0,3,male,35.0,0,0,8.05,S,Adult,No,1
616,1,2,female,24.0,1,2,65.0,S,Adult,Yes,4
617,0,3,male,34.0,1,1,14.4,S,Adult,No,3
618,0,3,female,26.0,1,0,16.1,S,Adult,No,2
619,1,2,female,4.0,2,1,39.0,S,Child,Yes,4
620,0,2,male,26.0,0,0,10.5,S,Adult,No,1
621,0,3,male,27.0,1,0,14.4542,C,Adult,No,2
622,1,1,male,42.0,1,0,52.5542,S,Adult,Yes,2
623,1,3,male,20.0,1,1,15.7417,C,Adult,Yes,3
624,0,3,male,21.0,0,0,7.8542,S,Adult,No,1
625,0,3,male,21.0,0,0,16.1,S,Adult,No,1
626,0,1,male,61.0,0,0,32.3208,S,Adult,No,1
627,0,2,male,57.0,0,0,12.35,Q,Adult,No,1
628,1,1,female,21.0,0,0,77.9583,S,Adult,Yes,1
629,0,3,male,26.0,0,0,7.8958,S,Adult,No,1
630,0,3,male,,0,0,7.7333,Q,Adult,No,1
631,1,1,male,80.0,0,0,30.0,S,Adult,Yes,1
632,0,3,male,51.0,0,0,7.0542,S,Adult,No,1
633,1,1,male,32.0,0,0,30.5,C,Adult,Yes,1
634,0,1,male,,0,0,0.0,S,Adult,No,1
635,0,3,female,9.0,3,2,27.9,S,Child,No,6
636,1,2,female,28.0,0,0,13.0,S,Adult,Yes,1
637,0,3,male,32.0,0,0,7.925,S,Adult,No,1
638,0,2,male,31.0,1,1,26.25,S,Adult,No,3
639,0,3,female,41.0,0,5,39.6875,S,Adult,No,6
640,0,3,male,,1,0,16.1,S,Adult,No,2
641,0,3,male,20.0,0,0,7.8542,S,Adult,No,1
642,1,1,female,24.0,0,0,69.3,C,Adult,Yes,1
643,0,3,female,2.0,3,2,27.9,S,Child,No,6
644,1,3,male,,0,0,56.4958,S,Adult,Yes,1
645,1,3,female,0.75,2,1,19.2583,C,Child,Yes,4
646,1,1,male,48.0,1,0,76.7292,C,Adult,Yes,2
647,0,3,male,19.0,0,0,7.8958,S,Adult,No,1
648,1,1,male,56.0,0,0,35.5,C,Adult,Yes,1
649,0,3,male,,0,0,7.55,S,Adult,No,1
650,1,3,female,23.0,0,0,7.55,S,Adult,Yes,1
651,0,3,male,,0,0,7.8958,S,Adult,No,1
652,1,2,female,18.0,0,1,23.0,S,Adult,Yes,2
653,0,3,male,21.0,0,0,8.4333,S,Adult,No,1
654,1,3,female,,0,0,7.8292,Q,Adult,Yes,1
655,0,3,female,18.0,0,0,6.75,Q,Adult,No,1
656,0,2,male,24.0,2,0,73.5,S,Adult,No,3
657,0,3,male,,0,0,7.8958,S,Adult,No,1
658,0,3,female,32.0,1,1,15.5,Q,Adult,No,3
659,0,2,male,23.0,0,0,13.0,S,Adult,No,1
660,0,1,male,58.0,0,2,113.275,C,Adult,No,3
661,1,1,male,50.0,2,0,133.65,S,Adult,Yes,3
662,0,3,male,40.0,0,0,7.225,C,Adult,No,1
663,0,1,male,47.0,0,0,25.5875,S,Adult,No,1
664,0,3,male,36.0,0,0,7.4958,S,Adult,No,1
665,1,3,male,20.0,1,0,7.925,S,Adult,Yes,2
666,0,2,male,32.0,2,0,73.5,S,Adult,No,3
667,0,2,male,25.0,0,0,13.0,S,Adult,No,1
668,0,3,male,,0,0,7.775,S,Adult,No,1
669,0,3,male,43.0,0,0,8.05,S,Adult,No,1
670,1,1,female,,1,0,52.0,S,Adult,Yes,2
671,1,2,female,40.0,1,1,39.0,S,Adult,Yes,3
672,0,1,male,31.0,1,0,52.0,S,Adult,No,2
673,0,2,male,70.0,0,0,10.5,S,Adult,No,1
674,1,2,male,31.0,0,0,13.0,S,Adult,Yes,1
675,0,2,male,,0,0,0.0,S,Adult,No,1
676,0,3,male,18.0,0,0,7.775,S,Adult,No,1
677,0,3,male,24.5,0,0,8.05,S,Adult,No,1
678,1,3,female,18.0,0,0,9.8417,S,Adult,Yes,1
679,0,3,female,43.0,1,6,46.9,S,Adult,No,8
680,1,1,male,36.0,0,1,512.3292,C,Adult,Yes,2
681,0,3,female,,0,0,8.1375,Q,Adult,No,1
682,1,1,male,27.0,0,0,76.7292,C,Adult,Yes,1
683,0,3,male,20.0,0,0,9.225,S,Adult,No,1
684,0,3,male,14.0,5,2,46.9,S,Adult,No,8
685,0,2,male,60.0,1,1,39.0,S,Adult,No,3
686,0,2,male,25.0,1,2,41.5792,C,Adult,No,4
687,0,3,male,14.0,4,1,39.6875,S,Adult,No,6
688,0,3,male,19.0,0,0,10.1708,S,Adult,No,1
689,0,3,male,18.0,0,0,7.7958,S,Adult,No,1
690,1,1,female,15.0,0,1,211.3375,S,Adult,Yes,2
691,1,1,male,31.0,1,0,57.0,S,Adult,Yes,2
692,1,3,female,4.0,0,1,13.4167,C,Child,Yes,2
693,1,3,male,,0,0,56.4958,S,Adult,Yes,1
694,0,3,male,25.0,0,0,7.225,C,Adult,No,1
695,0,1,male,60.0,0,0,26.55,S,Adult,No,1
696,0,2,male,52.0,0,0,13.5,S,Adult,No,1
697,0,3,male,44.0,0,0,8.05,S,Adult,No,1
698,1,3,female,,0,0,7.7333,Q,Adult,Yes,1
699,0,1,male,49.0,1,1,110.8833,C,Adult,No,3
700,0,3,male,42.0,0,0,7.65,S,Adult,No,1
701,1,1,female,18.0,1,0,227.525,C,Adult,Yes,2
702,1,1,male,35.0,0,0,26.2875,S,Adult,Yes,1
703,0,3,female,18.0,0,1,14.4542,C,Adult,No,2
704,0,3,male,25.0,0,0,7.7417,Q,Adult,No,1
705,0,3,male,26.0,1,0,7.8542,S,Adult,No,2
706,0,2,male,39.0,0,0,26.0,S,Adult,No,1
707,1,2,female,45.0,0,0,13.5,S,Adult,Yes,1
708,1,1,male,42.0,0,0,26.2875,S,Adult,Yes,1
709,1,1,female,22.0,0,0,151.55,S,Adult,Yes,1
710,1,3,male,,1,1,15.2458,C,Adult,Yes,3
711,1,1,female,24.0,0,0,49.5042,C,Adult,Yes,1
712,0,1,male,,0,0,26.55,S,Adult,No,1
713,1,1,male,48.0,1,0,52.0,S,Adult,Yes,2
714,0,3,male,29.0,0,0,9.4833,S,Adult,No,1
715,0,2,male,52.0,0,0,13.0,S,Adult,No,1
716,0,3,male,19.0,0,0,7.65,S,Adult,No,1
717,1,1,female,38.0,0,0,227.525,C,Adult,Yes,1
718,1,2,female,27.0,0,0,10.5,S,Adult,Yes,1
719,0,3,male,,0,0,15.5,Q,Adult,No,1
720,0,3,male,33.0,0,0,7.775,S,Adult,No,1
721,1,2,female,6.0,0,1,33.0,S,Child,Yes,2
722,0,3,male,17.0,1,0,7.0542,S,Adult,No,2
723,0,2,male,34.0,0,0,13.0,S,Adult,No,1
724,0,2,male,50.0,0,0,13.0,S,Adult,No,1
725,1,1,male,27.0,1,0,53.1,S,Adult,Yes,2
726,0,3,male,20.0,0,0,8.6625,S,Adult,No,1
727,1,2,female,30.0,3,0,21.0,S,Adult,Yes,4
728,1,3,female,,0,0,7.7375,Q,Adult,Yes,1
729,0,2,male,25.0,1,0,26.0,S,Adult,No,2
730,0,3,female,25.0,1,0,7.925,S,Adult,No,2
731,1,1,female,29.0,0,0,211.3375,S,Adult,Yes,1
732,0,3,male,11.0,0,0,18.7875,C,Adult,No,1
733,0,2,male,,0,0,0.0,S,Adult,No,1
734,0,2,male,23.0,0,0,13.0,S,Adult,No,1
735,0,2,male,23.0,0,0,13.0,S,Adult,No,1
736,0,3,male,28.5,0,0,16.1,S,Adult,No,1
737,0,3,female,48.0,1,3,34.375,S,Adult,No,5
738,1,1,male,35.0,0,0,512.3292,C,Adult,Yes,1
739,0,3,male,,0,0,7.8958,S,Adult,No,1
740,0,3,male,,0,0,7.8958,S,Adult,No,1
741,1,1,male,,0,0,30.0,S,Adult,Yes,1
742,0,1,male,36.0,1,0,78.85,S,Adult,No,2
743,1,1,female,21.0,2,2,262.375,C,Adult,Yes,5
744,0,3,male,24.0,1,0,16.1,S,Adult,No,2
745,1,3,male,31.0,0,0,7.925,S,Adult,Yes,1
746,0,1,male,70.0,1,1,71.0,S,Adult,No,3
747,0,3,male,16.0,1,1,20.25,S,Adult,No,3
748,1,2,female,30.0,0,0,13.0,S,Adult,Yes,1
749,0,1,male,19.0,1,0,53.1,S,Adult,No,2
750,0,3,male,31.0,0,0,7.75,Q,Adult,No,1
751,1,2,female,4.0,1,1,23.0,S,Child,Yes,3
752,1,3,male,6.0,0,1,12.475,S,Child,Yes,2
753,0,3,male,33.0,0,0,9.5,S,Adult,No,1
754,0,3,male,23.0,0,0,7.8958,S,Adult,No,1
755,1,2,female,48.0,1,2,65.0,S,Adult,Yes,4
756,1,2,male,0.67,1,1,14.5,S,Child,Yes,3
757,0,3,male,28.0,0,0,7.7958,S,Adult,No,1
758,0,2,male,18.0,0,0,11.5,S,Adult,No,1
759,0,3,male,34.0,0,0,8.05,S,Adult,No,1
760,1,1,female,33.0,0,0,86.5,S,Adult,Yes,1
761,0,3,male,,0,0,14.5,S,Adult,No,1
762,0,3,male,41.0,0,0,7.125,S,Adult,No,1
763,1,3,male,20.0,0,0,7.2292,C,Adult,Yes,1
764,1,1,female,36.0,1,2,120.0,S,Adult,Yes,4
765,0,3,male,16.0,0,0,7.775,S,Adult,No,1
766,1,1,female,51.0,1,0,77.9583,S,Adult,Yes,2
767,0,1,male,,0,0,39.6,C,Adult,No,1
768,0,3,female,30.5,0,0,7.75,Q,Adult,No,1
769,0,3,male,,1,0,24.15,Q,Adult,No,2
770,0,3,male,32.0,0,0,8.3625,S,Adult,No,1
771,0,3,male,24.0,0,0,9.5,S,Adult,No,1
772,0,3,male,48.0,0,0,7.8542,S,Adult,No,1
773,0,2,female,57.0,0,0,10.5,S,Adult,No,1
774,0,3,male,,0,0,7.225,C,Adult,No,1
775,1,2,female,54.0,1,3,23.0,S,Adult,Yes,5
776,0,3,male,18.0,0,0,7.75,S,Adult,No,1
777,0,3,male,,0,0,7.75,Q,Adult,No,1
778,1,3,female,5.0,0,0,12.475,S,Child,Yes,1
779,0,3,male,,0,0,7.7375,Q,Adult,No,1
780,1,1,female,43.0,0,1,211.3375,S,Adult,Yes,2
781,1,3,female,13.0,0,0,7.2292,C,Adult,Yes,1
782,1,1,female,17.0,1,0,57.0,S,Adult,Yes,2
783,0,1,male,29.0,0,0,30.0,S,Adult,No,1
784,0,3,male,,1,2,23.45,S,Adult,No,4
785,0,3,male,25.0,0,0,7.05,S,Adult,No,1
786,0,3,male,25.0,0,0,7.25,S,Adult,No,1
787,1,3,female,18.0,0,0,7.4958,S,Adult,Yes,1
788,0,3,male,8.0,4,1,29.125,Q,Child,No,6
789,1,3,male,1.0,1,2,20.575,S,Child,Yes,4
790,0,1,male,46.0,0,0,79.2,C,Adult,No,1
791,0,3,male,,0,0,7.75,Q,Adult,No,1
792,0,2,male,16.0,0,0,26.0,S,Adult,No,1
793,0,3,female,,8,2,69.55,S,Adult,No,11
794,0,1,male,,0,0,30.6958,C,Adult,No,1
795,0,3,male,25.0,0,0,7.8958,S,Adult,No,1
796,0,2,male,39.0,0,0,13.0,S,Adult,No,1
797,1,1,female,49.0,0,0,25.9292,S,Adult,Yes,1
798,1,3,female,31.0,0,0,8.6833,S,Adult,Yes,1
799,0,3,male,30.0,0,0,7.2292,C,Adult,No,1
800,0,3,female,30.0,1,1,24.15,S,Adult,No,3
801,0,2,male,34.0,0,0,13.0,S,Adult,No,1
802,1,2,female,31.0,1,1,26.25,S,Adult,Yes,3
803,1,1,male,11.0,1,2,120.0,S,Adult,Yes,4
804,1,3,male,0.42,0,1,8.5167,C,Child,Yes,2
805,1,3,male,27.0,0,0,6.975,S,Adult,Yes,1
806,0,3,male,31.0,0,0,7.775,S,Adult,No,1
807,0,1,male,39.0,0,0,0.0,S,Adult,No,1
808,0,3,female,18.0,0,0,7.775,S,Adult,No,1
809,0,2,male,39.0,0,0,13.0,S,Adult,No,1
810,1,1,female,33.0,1,0,53.1,S,Adult,Yes,2
811,0,3,male,26.0,0,0,7.8875,S,Adult,No,1
812,0,3,male,39.0,0,0,24.15,S,Adult,No,1
813,0,2,male,35.0,0,0,10.5,S,Adult,No,1
814,0,3,female,6.0,4,2,31.275,S,Child,No,7
815,0,3,male,30.5,0,0,8.05,S,Adult,No,1
816,0,1,male,,0,0,0.0,S,Adult,No,1
817,0,3,female,23.0,0,0,7.925,S,Adult,No,1
818,0,2,male,31.0,1,1,37.0042,C,Adult,No,3
819,0,3,male,43.0,0,0,6.45,S,Adult,No,1
820,0,3,male,10.0,3,2,27.9,S,Adult,No,6
821,1,1,female,52.0,1,1,93.5,S,Adult,Yes,3
822,1,3,male,27.0,0,0,8.6625,S,Adult,Yes,1
823,0,1,male,38.0,0,0,0.0,S,Adult,No,1
824,1,3,female,27.0,0,1,12.475,S,Adult,Yes,2
825,0,3,male,2.0,4,1,39.6875,S,Child,No,6
826,0,3,male,,0,0,6.95,Q,Adult,No,1
827,0,3,male,,0,0,56.4958,S,Adult,No,1
828,1,2,male,1.0,0,2,37.0042,C,Child,Yes,3
829,1,3,male,,0,0,7.75,Q,Adult,Yes,1
830,1,1,female,62.0,0,0,80.0,S,Adult,Yes,1
831,1,3,female,15.0,1,0,14.4542,C,Adult,Yes,2
832,1,2,male,0.83,1,1,18.75,S,Child,Yes,3
833,0,3,male,,0,0,7.2292,C,Adult,No,1
834,0,3,male,23.0,0,0,7.8542,S,Adult,No,1
835,0,3,male,18.0,0,0,8.3,S,Adult,No,1
836,1,1,female,39.0,1,1,83.1583,C,Adult,Yes,3
837,0,3,male,21.0,0,0,8.6625,S,Adult,No,1
838,0,3,male,,0,0,8.05,S,Adult,No,1
839,1,3,male,32.0,0,0,56.4958,S,Adult,Yes,1
840,1,1,male,,0,0,29.7,C,Adult,Yes,1
841,0,3,male,20.0,0,0,7.925,S,Adult,No,1
842,0,2,male,16.0,0,0,10.5,S,Adult,No,1
843,1,1,female,30.0,0,0,31.0,C,Adult,Yes,1
844,0,3,male,34.5,0,0,6.4375,C,Adult,No,1
845,0,3,male,17.0,0,0,8.6625,S,Adult,No,1
846,0,3,male,42.0,0,0,7.55,S,Adult,No,1
847,0,3,male,,8,2,69.55,S,Adult,No,11
848,0,3,male,35.0,0,0,7.8958,C,Adult,No,1
849,0,2,male,28.0,0,1,33.0,S,Adult,No,2
850,1,1,female,,1,0,89.1042,C,Adult,Yes,2
851,0,3,male,4.0,4,2,31.275,S,Child,No,7
852,0,3,male,74.0,0,0,7.775,S,Adult,No,1
853,0,3,female,9.0,1,1,15.2458,C,Child,No,3
854,1,1,female,16.0,0,1,39.4,S,Adult,Yes,2
855,0,2,female,44.0,1,0,26.0,S,Adult,No,2
856,1,3,female,18.0,0,1,9.35,S,Adult,Yes,2
857,1,1,female,45.0,1,1,164.8667,S,Adult,Yes,3
858,1,1,male,51.0,0,0,26.55,S,Adult,Yes,1
859,1,3,female,24.0,0,3,19.2583,C,Adult,Yes,4
860,0,3,male,,0,0,7.2292,C,Adult,No,1
861,0,3,male,41.0,2,0,14.1083,S,Adult,No,3
862,0,2,male,21.0,1,0,11.5,S,Adult,No,2
863,1,1,female,48.0,0,0,25.9292,S,Adult,Yes,1
864,0,3,female,,8,2,69.55,S,Adult,No,11
865,0,2,male,24.0,0,0,13.0,S,Adult,No,1
866,1,2,female,42.0,0,0,13.0,S,Adult,Yes,1
867,1,2,female,27.0,1,0,13.8583,C,Adult,Yes,2
868,0,1,male,31.0,0,0,50.4958,S,Adult,No,1
869,0,3,male,,0,0,9.5,S,Adult,No,1
870,1,3,male,4.0,1,1,11.1333,S,Child,Yes,3
871,0,3,male,26.0,0,0,7.8958,S,Adult,No,1
872,1,1,female,47.0,1,1,52.5542,S,Adult,Yes,3
873,0,1,male,33.0,0,0,5.0,S,Adult,No,1
874,0,3,male,47.0,0,0,9.0,S,Adult,No,1
875,1,2,female,28.0,1,0,24.0,C,Adult,Yes,2
876,1,3,female,15.0,0,0,7.225,C,Adult,Yes,1
877,0,3,male,20.0,0,0,9.8458,S,Adult,No,1
878,0,3,male,19.0,0,0,7.8958,S,Adult,No,1
879,0,3,male,,0,0,7.8958,S,Adult,No,1
880,1,1,female,56.0,0,1,83.1583,C,Adult,Yes,2
881,1,2,female,25.0,0,1,26.0,S,Adult,Yes,2
882,0,3,male,33.0,0,0,7.8958,S,Adult,No,1
883,0,3,female,22.0,0,0,10.5167,S,Adult,No,1
884,0,2,male,28.0,0,0,10.5,S,Adult,No,1
885,0,3,male,25.0,0,0,7.05,S,Adult,No,1
886,0,3,female,39.0,0,5,29.125,Q,Adult,No,6
887,0,2,male,27.0,0,0,13.0,S,Adult,No,1
888,1,1,female,19.0,0,0,30.0,S,Adult,Yes,1
889,0,3,female,,1,2,23.45,S,Adult,No,4
890,1,1,male,26.0,0,0,30.0,C,Adult,Yes,1
891,0,3,male,32.0,0,0,7.75,Q,Adult,No,1
